模块,接口,类型,说明
core.growth,GrowthEngine.status(),方法,成长状态字典
core.growth,GrowthEngine.should_train(manual,force),方法,触发条件判定
core.growth,GrowthEngine.after_training_round(epochs),方法,触发+训练+检查
core.growth,GrowthEngine.check_and_promote(force),方法,三条件→晋升/升rank
core.growth,GrowthEngine.pause()/resume(),方法,暂停/恢复成长
core.growth,GrowthEngine.rollback(gen),方法,回滚到指定代
core.growth,GrowthEngine.gc(keep,force),方法,清理旧代
core.growth,GrowthEngine.export(dest),方法,导出模型包
core.growth_store,GrowthStore.add(...),方法,写入对话记录
core.growth_store,GrowthStore.set_feedback(id,fb),方法,点赞点踩纠正
core.growth_store,GrowthStore.sample_for_training(...),方法,取样+防遗忘混入
core.growth_store,GrowthStore.export_jsonl/import_jsonl(...),方法,加密导出导入
core.eval,Evaluator.evaluate_all(threshold),方法,三条件评估
core.rank,grow_lora_rank(adapter_dir,new_rank),函数,动态升rank
core.lifecycle,ModelLifecycle.retire(base,gen,mode),方法,基底退役进回收区
core.throttle,DistillThrottle.check(prompt),方法,缓存/配额判定
core.device,plan()/train_plan(tier),函数,显存分级策略
renderer.renderer,AvatarRenderer.render_frame(),方法,渲染一帧
